,name,code
0,DRB동일,004840
1,DSR,155660
2,GS글로벌,001250
3,HDC현대산업개발,294870
4,KEC,092220
5,KG동부제철,016380
6,KG케미칼,001390
7,KTis,058860
8,LG이노텍,011070
9,LG전자,066570
10,LG헬로비전,037560
11,OCI,010060
12,SK이노베이션,096770
13,STX,011810
14,WISCOM,024070
15,갤럭시아에스엠,011420
16,경농,002100
17,경동인베스트,012320
18,국도화학,007690
19,국동,005320
20,극동유화,014530
21,기아,000270
22,까뮤이앤씨,013700
23,대덕전자,353200
24,대우건설,047040
25,대웅,003090
26,덴티움,145720
27,두산인프라코어,042670
28,두산중공업,034020
29,디피씨,026890
30,락앤락,115390
31,롯데정보통신,286940
32,마니커,027740
33,메리츠증권,008560
34,명문제약,017180
35,모두투어리츠,204210
36,부국증권,001270
37,삼성SDI,006400
38,삼성엔지니어링,028050
39,삼성출판사,068290
40,삼성화재해상보험,000810
41,삼영화학공업,003720
42,삼호개발,010960
43,상상인증권,001290
44,선진,136490
45,세기상사,002420
46,세방전지,004490
47,세아제강지주,003030
48,신한알파리츠,293940
49,신한지주,055550
50,쌍용자동차,003620
51,쎌마테라퓨틱스,015540
52,에스디바이오센서,137310
53,에이블씨엔씨,078520
54,영화금속,012280
55,오뚜기,007310
56,오리엔트바이오,002630
57,우진,105840
58,윌비스,008600
59,유나이티드,033270
60,이월드,084680
61,인지컨트롤스,023800
62,인터지스,129260
63,일성건설,013360
64,일진다이아,081000
65,자화전자,033240
66,제일약품,271980
67,제일파마홀딩스,002620
68,조비,001550
69,조흥,002600
70,종근당홀딩스,001630
71,지역난방공사,071320
72,코오롱인더,120110
73,키다리스튜디오,020120
74,태경산업,015890
75,태양금속공업,004100
76,포스코,005490
77,포스코강판,058430
78,하이트론씨스템즈,019490
79,한국공항,005430
80,한국패러랠,168490
81,한솔로지스틱스,009180
82,한일철강,002220
83,한창제지,009460
84,한화생명,088350
85,현대건설,000720
86,현대건설기계,267270
87,현대비앤지스틸,004560
88,현대엘리베이터,017800
89,현대차증권,001500
90,호전실업,111110
91,3S,060310
92,EDGC,245620
93,ES큐브,050120
94,HK이노엔,195940
95,JW신약,067290
96,KB오토시스,024120
97,KH바텍,060720
98,UCI,038340
99,YW,051390
100,강스템바이오텍,217730
101,경창산업,024910
102,교보9호스팩,331520
103,국순당,043650
104,국일제지,078130
105,그리티,204020
106,까스텔바작,308100
107,나노브릭,286750
108,나노스,151910
109,네오리진,094860
110,네오위즈,095660
111,네오티스,085910
112,네이처셀,007390
113,녹십자셀,031390
114,농우바이오,054050
115,뉴인텍,012340
116,대봉엘에스,078140
117,대유,290380
118,대유에이피,290120
119,대주산업,003310
120,대한그린파워,060900
121,대한약품,023910
122,동구바이오제약,006620
123,디에이테크놀로지,196490
124,디에이피,066900
125,디엔에이링크,127120
126,디엔에프,092070
127,디자인,227100
128,디지틀조선,033130
129,룽투코리아,060240
130,링크제니시스,219420
131,모비스,250060
132,모트렉스,118990
133,미래에셋대우스팩3호,328380
134,미스터블루,207760
135,미코바이오메드,214610
136,바디텍메드,206640
137,브랜드엑스코퍼레이션,337930
138,삼보판지,023600
139,삼성스팩4호,377630
140,삼아제약,009300
141,상지카일룸,042940
142,샘씨엔에스,252990
143,서암기계공업,100660
144,선진뷰티사이언스,086710
145,성창오토텍,080470
146,세보엠이씨,011560
147,셀바스헬스케어,208370
148,셀트리온제약,068760
149,솔고바이오,043100
150,스타모빌리티,158310
151,스튜디오산타클로스,204630
152,스페코,013810
153,승일,049830
154,시티랩스,139050
155,신영스팩6호,344050
156,쌍용정보통신,010280
157,썸에이지,208640
158,쎄미시스코,136510
159,씨케이에이치,900120
160,아나패스,123860
161,아이비김영,339950
162,아이센스,099190
163,아이씨디,040910
164,아이씨케이,068940
165,아이오케이,078860
166,아이즈비전,031310
167,아이큐어,175250
168,아이티센,124500
169,알에프세미,096610
170,알에프텍,061040
171,애니플러스,310200
172,앤디포스,238090
173,어보브반도체,102120
174,에스앤더블류,103230
175,에스앤에스텍,101490
176,에스에너지,095910
177,에쎈테크,043340
178,에이디테크놀로지,200710
179,에이루트,096690
180,에이스토리,241840
181,에이티넘인베스트,021080
182,에코프로에이치엔,383310
183,엑세스바이오,950130
184,엑시콘,092870
185,엔시트론,101400
186,엔에이치스팩18호,365590
187,엔투텍,227950
188,엘아이에스,138690
189,엠게임,058630
190,엠벤처투자,019590
191,영화테크,265560
192,예스티,122640
193,오공,045060
194,오스템임플란트,048260
195,오픈베이스,049480
196,옵티시스,109080
197,원방테크,053080
198,원익QnC,074600
199,웰크론,065950
200,위지트,036090
201,유니온커뮤니티,203450
202,유니테크노,241690
203,유비쿼스홀딩스,078070
204,유신,054930
205,유안타제5호스팩,336060
206,유안타제7호스팩,367460
207,유진스팩4호,321260
208,유테크,178780
209,유티아이,179900
210,이베스트스팩5호,349720
211,이베스트이안스팩1호,323210
212,이스트소프트,047560
213,이스트아시아홀딩스,900110
214,이엠넷,123570
215,이지바이오,353810
216,인베니아,079950
217,인텍플러스,064290
218,자비스,254120
219,자이글,234920
220,정상제이엘에스,040420
221,제우스,079370
222,제이씨현시스템,033320
223,제이엘케이,322510
224,제이엠티,094970
225,제주반도체,080220
226,조아제약,034940
227,주성엔지니어링,036930
228,지엔씨에너지,119850
229,지엔코,065060
230,초록뱀컴퍼니,052300
231,캐스텍코리아,071850
232,컴투스,078340
233,케이비제20호스팩,342550
234,케이티알파,036030
235,케이프이에스제4호,347140
236,케이피티유,054410
237,켄코아에어로스페이스,274090
238,코스나인,082660
239,코스온,069110
240,코오롱생명과학,102940
241,코프라,126600
242,크로바하이텍,043590
243,키네마스터,139670
244,테스나,131970
245,토탈소프트,045340
246,트루윈,105550
247,특수건설,026150
248,티앤알바이오팹,246710
249,파라텍,033540
250,파세코,037070
251,파워로직스,047310
252,파커스,065690
253,패션플랫폼,225590
254,포인트엔지니어링,256630
255,푸드웰,005670
256,프로스테믹스,203690
257,피델릭스,032580
258,피에스엠씨,024850
259,피제이전자,006140
260,하나금융15호스팩,341160
261,하나기술,299030
262,하이즈항공,221840
263,한국경제TV,039340
264,한국맥널티,222980
265,한국선재,025550
266,한국테크놀로지,053590
267,한솔인티큐브,070590
268,한양디지텍,078350
269,한컴위드,054920
270,한화플러스제1호스팩,340440
271,한화플러스제2호스팩,386580
272,해성옵틱스,076610
273,현대무벡스,319400
274,현대바이오,048410
275,현대바이오랜드,052260
276,화성밸브,039610
277,휴맥스,115160
278,희림,037440
279,관악산업,076340
280,나눔테크,244880
281,다원넥스뷰,323350
282,다이노나,086080
283,다이오진,271850
284,대주이엔티,114920
285,명진홀딩스,267060
286,선바이오,067370
287,씨앗,103660
288,에스알바이오텍,270210
289,에이스캠퍼,322190
290,엘리비젼,276240
291,유투바이오,221800
292,이노진,344860
293,이도바이오,336040
294,진코스텍,250030
295,큐엠씨,136660
296,티티씨디펜스,309900
297,CJ대한통운,000120
298,CJ제일제당,097950
299,GS리테일,007070
300,KB금융,105560
301,KPX케미칼,025000
302,KR모터스,000040
303,KTcs,058850
304,LS전선아시아,229640
305,LX홀딩스,383800
306,PI첨단소재,178920
307,SK렌터카,068400
308,SPC삼립,005610
309,강원랜드,035250
310,교보증권,030610
311,금강공업,014280
312,금호건설,002990
313,금호전기,001210
314,기업은행,024110
315,남성,004270
316,넷마블,251270
317,대구백화점,006370
318,대영포장,014160
319,대원제약,003220
320,대한방직,001070
321,대한제당,001790
322,대한해운,005880
323,덕양산업,024900
324,동원F&B,049770
325,동원금속,018500
326,디씨엠,024090
327,디티알오토모티브,007340
328,롯데제과,280360
329,롯데하이마트,071840
330,백산,035150
331,보락,002760
332,빙그레,005180
333,사조대림,003960
334,사조동아원,008040
335,삼진제약,005500
336,서원,021050
337,세방,004360
338,세아홀딩스,058650
339,세우글로벌,013000
340,세이브존I&C,067830
341,솔루스첨단소재,336370
342,신송홀딩스,006880
343,신일전자,002700
344,신풍제약,019170
345,아이마켓코리아,122900
346,아이에이치큐,003560
347,엔씨소프트,036570
348,영보화학,014440
349,영진약품,003520
350,영풍,000670
351,우리금융캐피탈,033660
352,유니온머티리얼,047400
353,이수화학,005950
354,이스타코,015020
355,이엔플러스,074610
356,인천도시가스,034590
357,일동홀딩스,000230
358,지엠비코리아,013870
359,코리아써키트,007810
360,코스모화학,005420
361,코아스,071950
362,코오롱,002020
363,코오롱플라스틱,138490
364,쿠쿠홀딩스,192400
365,큐로,015590
366,태영건설,009410
367,티비에이치글로벌,084870
368,포스코케미칼,003670
369,한국금융지주,071050
370,한국전자홀딩스,006200
371,한국종합기술,023350
372,한국주철관공업,000970
373,한국콜마,161890
374,한국타이어앤테크놀로지,161390
375,한국토지신탁,034830
376,한국프랜지공업,010100
377,한온시스템,018880
378,한올바이오파마,009420
379,해태제과식품,101530
380,호텔신라,008770
381,화승알앤에이,378850
382,화승인더스트리,006060
383,화천기공,000850
384,환인제약,016580
385,효성,004800
386,효성화학,298000
387,APS홀딩스,054620
388,CBI,013720
389,CS,065770
390,CSA 코스믹,083660
391,HB솔루션,297890
392,HRS,036640
393,IBKS제14호스팩,351320
394,NHN벅스,104200
395,NICE평가정보,030190
396,PN풍년,024940
397,RF머트리얼즈,327260
398,SCI평가정보,036120
399,THQ,192410
400,TS트릴리온,317240
401,갤럭시아머니트리,094480
402,경남제약헬스케어,223310
403,고영,098460
404,국영지앤엠,006050
405,나노엔텍,039860
406,나이벡,138610
407,남화토건,091590
408,네오팜,092730
409,넥스틴,348210
410,넵튠,217270
411,노바렉스,194700
412,뉴로스,126870
413,대성파인텍,104040
414,대아티아이,045390
415,대양제지,006580
416,대주전자재료,078600
417,대창솔루션,096350
418,덕산네오룩스,213420
419,동국S&C,100130
420,동국산업,005160
421,동아엘텍,088130
422,디딤,217620
423,디알텍,214680
424,디엠티,134580
425,디오,039840
426,딜리,131180
427,레드캡투어,038390
428,레이언스,228850
429,로보로보,215100
430,루트로닉,085370
431,리더스코스메틱,016100
432,릭스솔루션,029480
433,매일홀딩스,005990
434,맥스트,377030
435,머큐리,100590
436,메디앙스,014100
437,메디프론,065650
438,메타바이오메드,059210
439,멕아이씨에스,058110
440,멜파스,096640
441,모두투어,080160
442,무림SP,001810
443,미래에셋벤처투자,100790
444,바이오로그디바이스,208710
445,박셀바이오,323990
446,부스타,008470
447,비트컴퓨터,032850
448,삼륭물산,014970
449,삼성스팩2호,291230
450,삼양옵틱스,225190
451,삼일,032280
452,삼일기업공사,002290
453,삼지전자,037460
454,삼진,032750
455,삼표시멘트,038500
456,삼화네트웍스,046390
457,상보,027580
458,상신이디피,091580
459,서호전기,065710
460,성우하이텍,015750
461,세경하이테크,148150
462,세명전기,017510
463,셀바스AI,108860
464,손오공,066910
465,솔루에타,154040
466,솔브레인,357780
467,슈프리마,236200
468,스튜디오드래곤,253450
469,시스웍,269620
470,신한제6호스팩,333050
471,씨앤투스성진,352700
472,씨티케이,260930
473,아가방컴퍼니,013990
474,아래스,050320
475,아모텍,052710
476,아미코젠,092040
477,아이에이,038880
478,아이엠,101390
479,아이퀘스트,262840
480,액트로,290740
481,앱코,129890
482,에스에스알,275630
483,에스엘바이오닉스,214310
484,에스티팜,237690
485,에프알텍,073540
486,엠에프엠코리아,323230
487,연이비앤티,090740
488,영신금속,007530
489,예림당,036000
490,오성첨단소재,052420
491,오션브릿지,241790
492,와이더플래닛,321820
493,와이지-원,019210
494,우리로,046970
495,우리손에프앤지,073560
496,우림기계,101170
497,우수AMS,066590
498,원익큐브,014190
499,원일특강,012620
500,윈하이텍,192390
501,윌링스,313760
502,유니테스트,086390
503,유바이오로직스,206650
504,유안타제8호스팩,367480
505,육일씨엔에쓰,191410
506,이글루시큐리티,067920
507,이글벳,044960
508,이녹스,088390
509,이랜시스,264850
510,이삭엔지니어링,351330
511,이엔코퍼레이션,066980
512,이지케어텍,099750
513,인바디,041830
514,인선이엔티,060150
515,인포바인,115310
516,인포뱅크,039290
517,잉크테크,049550
518,전진바이오팜,110020
519,정다운,208140
520,제놀루션,225220
521,제일바이오,052670
522,제일제강,023440
523,젬백스지오,041590
524,조이시티,067000
525,중앙디앤엠,051980
526,지니뮤직,043610
527,지니언스,263860
528,지니틱스,303030
529,지란지교시큐리티,208350
530,지유온,111820
531,지티지웰니스,219750
532,참좋은여행,094850
533,천보,278280
534,케이씨피드,025880
535,케이엔더블유,105330
536,코데즈컴바인,047770
537,코드네이처,078940
538,코리아센터,290510
539,코리아에셋투자증권,190650
540,코메론,049430
541,코미팜,041960
542,코아시아,045970
543,코웰패션,033290
544,코위버,056360
545,큐라클,365270
546,큐브앤컴퍼니,043090
547,큐브엔터,182360
548,크루셜텍,114120
549,크리스탈지노믹스,083790
550,클리노믹스,352770
551,테고사이언스,191420
552,테라사이언스,073640
553,테라젠이텍스,066700
554,파멥신,208340
555,파수,150900
556,파인디지털,038950
557,팍스넷,038160
558,팬엔터테인먼트,068050
559,펌텍코리아,251970
560,풍강,093380
561,플레이디,237820
562,피에스케이,319660
563,피에스텍,002230
564,피엔티,137400
565,픽셀플러스,087600
566,핌스,347770
567,핑거,163730
568,하나금융14호스팩,332710
569,하나마이크론,067310
570,한국바이오젠,318000
571,한국정보인증,053300
572,한국코퍼레이션,050540
573,한일단조,024740
574,한일화학,007770
575,한컴MDS,086960
576,현진소재,053660
577,형지I&C,011080
578,휴네시온,290270
579,휴맥스홀딩스,028080
580,휴센텍,215090
581,흥국에프엔비,189980
582,노드메이슨,317860
583,단디바이오,343090
584,메디안디노스틱,233250
585,미애부,225850
586,바이오시네틱스,281310
587,바이오프로테크,199290
588,바이옵트로,222160
589,아이피몬스터,223220
590,앙츠,267810
591,에이치엔에스하이텍,044990
592,이노벡스,279060
593,테크엔,308700
594,테크트랜스,258050
595,틸론,217880
596,펨토바이오메드,327610
597,BGF리테일,282330
598,BNK금융지주,138930
599,GS건설,006360
600,HDC아이콘트롤스,039570
601,KC코트렐,119650
602,MH에탄올,023150
603,SBS,034120
604,SBS미디어홀딩스,101060
605,SG글로벌,001380
606,SHD,001770
607,SH에너지화학,002360
608,SK,034730
609,SK가스,018670
610,SK텔레콤,017670
611,STX중공업,071970
612,YG PLUS,037270
613,국제약품,002720
614,금양,001570
615,금호타이어,073240
616,넥센타이어,002350
617,녹십자홀딩스,005250
618,농심홀딩스,072710
619,다스코,058730
620,다이나믹디자인,145210
621,대웅제약,069620
622,대한유화,006650
623,더존비즈온,012510
624,덕성,004830
625,도화엔지니어링,002150
626,동방아그로,007590
627,동서,026960
628,동성케미컬,102260
629,동양,001520
630,동양생명,082640
631,디아이,003160
632,디와이,013570
633,롯데정밀화학,004000
634,롯데푸드,002270
635,만도,204320
636,맥쿼리인프라,088980
637,메타랩스,090370
638,모토닉,009680
639,미래에셋맵스리츠,357250
640,미원화학,134380
641,범양건영,002410
642,베트남개발1,096300
643,삼성바이오로직스,207940
644,삼성에스디에스,018260
645,삼성증권,016360
646,삼성카드,029780
647,삼양통상,002170
648,삼영무역,002810
649,삼일제약,000520
650,삼정펄프,009770
651,샘표식품,248170
652,서연이화,200880
653,성보화학,003080
654,세아제강,306200
655,센트랄모텍,308170
656,센트럴인사이트,012600
657,송원산업,004430
658,수산중공업,017550
659,신도리코,029530
660,신성이엔지,011930
661,신세계인터내셔날,031430
662,신세계푸드,031440
663,쌍용씨앤이,003410
664,씨아이테크,004920
665,아모레퍼시픽그룹,002790
666,아이에스동서,010780
667,애경산업,018250
668,에스엘,005850
669,에이프로젠 MED,007460
670,엔에이치엔,181710
671,엠씨넥스,097520
672,유니켐,011330
673,유화증권,003460
674,이구산업,025820
675,이마트,139480
676,일성신약,003120
677,일정실업,008500
678,제이에스코퍼레이션,194370
679,제이준코스메틱,025620
680,조선선재,120030
681,종근당바이오,063160
682,지누스,013890
683,진도,088790
684,진양화학,051630
685,케이탑리츠,145270
686,코스모신소재,005070
687,태평양물산,007980
688,테이팩스,055490
689,텔코웨어,078000
690,티와이홀딩스,363280
691,팜스코,036580
692,하이스틸,071090
693,하이트진로,000080
694,한국석유공업,004090
695,한국수출포장공업,002200
696,한국자산신탁,123890
697,한국전력공사,015760
698,한국주강,025890
699,한국콜마홀딩스,024720
700,한국항공우주,047810
701,한라홀딩스,060980
702,한미사이언스,008930
703,한샘,009240
704,한솔홀딩스,004150
705,한신공영,004960
706,한신기계공업,011700
707,한화에어로스페이스,012450
708,현대퓨처넷,126560
709,효성 ITX,094280
710,휴니드테크놀러지스,005870
711,IBKS제12호스팩,335870
712,JTC,950170
713,KCC건설,021320
714,KCI,036670
715,KG ETS,151860
716,NEW,160550
717,SBI핀테크솔루션즈,950110
718,SGA솔루션즈,184230
719,SM Life Design,063440
720,WI,073570
721,고려시멘트,198440
722,골드앤에스,035290
723,국일신동,060480
724,국전약품,307750
725,나노신소재,121600
726,나무가,190510
727,나인테크,267320
728,넥스트아이,137940
729,넥슨지티,041140
730,노터스,278650
731,다보링크,340360
732,다산네트웍스,039560
733,다원시스,068240
734,대명소노시즌,007720
735,대성미생물,036480
736,대원산업,005710
737,대한광통신,010170
738,더블유에스아이,299170
739,덕신하우징,090410
740,덴티스,261200
741,동국알앤에스,075970
742,동신건설,025950
743,동일기연,032960
744,듀오백,073190
745,디지아이,043360
746,디지털대성,068930
747,디티앤씨,187220
748,라이트론,069540
749,램테크놀러지,171010
750,레고켐바이오,141080
751,레몬,294140
752,로보스타,090360
753,리더스 기술투자,019570
754,리드코프,012700
755,맥스로텍,141070
756,메디콕스,054180
757,메디포스트,078160
758,미래컴퍼니,049950
759,바이오니아,064550
760,베셀,177350
761,보라티알,250000
762,부방,014470
763,브리지텍,064480
764,비디아이,148140
765,비즈니스온,138580
766,삼영에스앤씨,361670
767,삼진엘앤디,054090
768,삼천리자전거,024950
769,삼현철강,017480
770,서산,079650
771,성우테크론,045300
772,세운메디칼,100700
773,세종텔레콤,036630
774,세코닉스,053450
775,소리바다,053110
776,솔본,035610
777,솔브레인홀딩스,036830
778,수산아이앤티,050960
779,슈펙스비앤피,058530
780,슈피겐코리아,192440
781,스카이이앤엠,131100
782,스포츠서울,039670
783,시공테크,020710
784,시큐브,131090
785,신도기연,290520
786,신테카바이오,226330
787,신흥에스이씨,243840
788,쎄노텍,222420
789,쎄트렉아이,099320
790,씨엠에스에듀,225330
791,씨큐브,101240
792,아모센스,357580
793,아비코전자,036010
794,아스타,246720
795,아이디피,332370
796,아진산업,013310
797,아프리카TV,067160
798,안트로젠,065660
799,알체라,347860
800,알티캐스트,085810
801,애니젠,196300
802,앱클론,174900
803,에스제이그룹,306040
804,에스트래픽,234300
805,에스퓨얼셀,288620
806,에이디칩스,054630
807,에이비엘바이오,298380
808,에이스침대,003800
809,에이치피오,357230
810,에이텍티앤,224110
811,에코플라스틱,038110
812,엑셈,205100
813,엔브이에이치코리아,067570
814,엔지스테크널러지,208860
815,엔지켐생명과학,183490
816,엔케이맥스,182400
817,엔텔스,069410
818,엘디티,096870
819,엘컴텍,037950
820,영림원소프트랩,060850
821,오리엔트정공,065500
822,오스테오닉,226400
823,오텍,067170
824,와이즈버즈,273060
825,원익머트리얼즈,104830
826,원풍,008370
827,웹젠,069080
828,위닉스,044340
829,위메이드,112040
830,유비벨록스,089850
831,유비쿼스,264450
832,유안타제4호스팩,313750
833,유진테크,084370
834,이건홀딩스,039020
835,이노와이어리스,073490
836,이녹스첨단소재,272290
837,이더블유케이,258610
838,이랜텍,054210
839,이수앱지스,086890
840,이즈미디어,181340
841,인산가,277410
842,인성정보,033230
843,인탑스,049070
844,인터파크,035080
845,인텔리안테크,189300
846,자이언트스텝,289220
847,재영솔루텍,049630
848,제이시스메디칼,287410
849,제이앤티씨,204270
850,제이티,089790
851,제주맥주,276730
852,좋은사람들,033340
853,진바이오텍,086060
854,진성티이씨,036890
855,초록뱀미디어,047820
856,카이노스메드,284620
857,캐리소프트,317530
858,캠시스,050110
859,케어젠,214370
860,케이비제18호스팩,323940
861,케이비제19호스팩,330990
862,케이엠더블유,032500
863,케이피에프,024880
864,코디엠,224060
865,코미코,183300
866,코스맥스엔비티,222040
867,코스메카코리아,241710
868,코이즈,121850
869,키이스트,054780
870,태웅로직스,124560
871,테라셈,182690
872,텔콘RF제약,200230
873,토비스,051360
874,티라유텍,322180
875,티비씨,033830
876,티엘비,356860
877,파나진,046210
878,파버나인,177830
879,파워넷,037030
880,판타지오,032800
881,퓨쳐스트림네트웍스,214270
882,프로텍,053610
883,피에이치씨,057880
884,피에이치에이,043370
885,필옵틱스,161580
886,하나금융16호스팩,343510
887,하이제5호스팩,340120
888,한국정보통신,025770
889,한국제8호스팩,310870
890,한국캐피탈,023760
891,한일네트웍스,046110
892,헬릭스미스,084990
893,현우산업,092300
894,휴먼엔,032860
895,럭스피아,092590
896,무진메디,322970
897,씨앤에스링크,245450
898,에스제이켐,217910
899,이십일스토어,270020
900,이엠티,232530
901,인카금융서비스,211050
902,태양기계,116100
903,한중엔시에스,107640
904,AJ네트웍스,095570
905,DL건설,001880
906,DSR제강,069730
907,ESR켄달스퀘어리츠,365550
908,GKL,114090
909,JW중외제약,001060
910,KPX홀딩스,092230
911,KSS해운,044450
912,LG화학,051910
913,LIG넥스원,079550
914,LS,006260
915,LX하우시스,108670
916,NAVER,035420
917,NICE,034310
918,NI스틸,008260
919,SK증권,001510
920,SNT에너지,100840
921,경인양행,012610
922,경인전자,009140
923,국보,001140
924,기신정기,092440
925,남선알미늄,008350
926,녹십자,006280
927,대덕,008060
928,대동전자,008110
929,대림비앤코,005750
930,대양금속,009190
931,대원강업,000430
932,대창,012800
933,대한전선,001440
934,동국제강,001230
935,동화약품,000020
936,두산,000150
937,두산밥캣,241560
938,디아이동일,001530
939,디아이씨,092200
940,롯데관광개발,032350
941,롯데칠성음료,005300
942,롯데케미칼,011170
943,맵스리얼티1,094800
944,명신산업,009900
945,무학,033920
946,미래아이앤지,007120
947,바다로19호,155900
948,부산산업,011390
949,부산주공,005030
950,사조산업,007160
951,사조씨푸드,014710
952,삼성전자,005930
953,삼성제약,001360
954,삼양사,145990
955,삼원강재,023000
956,삼익THK,004380
957,삼화왕관,004450
958,서연,007860
959,세아특수강,019440
960,세원정공,021820
961,세진중공업,075580
962,셀트리온,068270
963,신성통상,005390
964,신세계,004170
965,써니전자,004770
966,아모레퍼시픽,090430
967,아세아,002030
968,에넥스,011090
969,에스제이엠,123700
970,엔케이,085310
971,엔피씨,004250
972,영원무역,111770
973,영원무역홀딩스,009970
974,용평리조트,070960
975,우리들휴브레인,118000
976,우신시스템,017370
977,우진플라임,049800
978,유니드,014830
979,유안타증권,003470
980,유진증권,001200
981,이건산업,008250
982,이노션,214320
983,이연제약,102460
984,인스코비,006490
985,조광페인트,004910
986,조선내화,000480
987,진에어,272450
988,참엔지니어링,009310
989,케이씨씨글라스,344820
990,코오롱글로벌,003070
991,태경케미컬,006890
992,토니모리,214420
993,퍼시스,016800
994,페이퍼코리아,001020
995,폴루스바이오팜,007630
996,하나제약,293480
997,한국내화,010040
998,한국철강,104700
999,한국화장품제조,003350
1000,한미글로벌,053690
1001,한솔피엔에스,010420
1002,한양증권,001750
1003,한일현대시멘트,006390
1004,한진중공업,097230
1005,한진중공업홀딩스,003480
1006,한화,000880
1007,현대에너지솔루션,322000
1008,현대일렉트릭,267260
1009,현대제철,004020
1010,화승코퍼레이션,013520
1011,황금에스티,032560
1012,효성첨단소재,298050
1013,DSC인베스트먼트,241520
1014,EG,037370
1015,GST,083450
1016,IBKS제15호스팩,373200
1017,KD,044180
1018,KMH,122450
1019,SDN,099220
1020,SK머티리얼즈,036490
1021,SM C&C,048550
1022,SNK,950180
1023,가비아,079940
1024,감성코퍼레이션,036620
1025,강원,114190
1026,경남스틸,039240
1027,광진윈텍,090150
1028,글로벌텍스프리,204620
1029,글로본,019660
1030,나노,187790
1031,내츄럴엔도텍,168330
1032,네오셈,253590
1033,네오위즈홀딩스,042420
1034,네이블커뮤니케이션즈,153460
1035,넥스턴바이오,089140
1036,넥스트BT,065170
1037,뉴프렉스,085670
1038,대성엘텍,025440
1039,대신밸런스제7호스팩,332290
1040,대양전기공업,108380
1041,대원,007680
1042,대한뉴팜,054670
1043,덕산테코피아,317330
1044,덕산하이메탈,077360
1045,동국제약,086450
1046,동진쎄미켐,005290
1047,디바이스이엔지,187870
1048,디알젬,263690
1049,디에스티,033430
1050,라이온켐텍,171120
1051,레이크머티리얼즈,281740
1052,레인보우로보틱스,277810
1053,로지시스,067730
1054,루멘스,038060
1055,링네트,042500
1056,마이크로프랜드,147760
1057,매직마이크로,127160
1058,메가스터디교육,215200
1059,메드팩토,235980
1060,메디톡스,086900
1061,메이슨캐피탈,021880
1062,모바일리더,100030
1063,모베이스전자,012860
1064,모헨즈,006920
1065,미코,059090
1066,민앤지,214180
1067,바른손,018700
1068,바른손이앤에이,035620
1069,바이넥스,053030
1070,바이브컴퍼니,301300
1071,바이온,032980
1072,베노홀딩스,206400
1073,비보존 헬스케어,082800
1074,비에이치아이,083650
1075,사람인에이치알,143240
1076,새로닉스,042600
1077,서연탑메탈,019770
1078,서울반도체,046890
1079,서울전자통신,027040
1080,서원인텍,093920
1081,서진오토모티브,122690
1082,선데이토즈,123420
1083,세중,039310
1084,세틀뱅크,234340
1085,센코,347000
1086,슈프리마에이치큐,094840
1087,스타플렉스,115570
1088,시그네틱스,033170
1089,시노펙스,025320
1090,신원종합개발,017000
1091,신한제7호스팩,366330
1092,씨앤지하이테크,264660
1093,씨티씨바이오,060590
1094,아세아텍,050860
1095,아시아종묘,154030
1096,아우딘퓨쳐스,227610
1097,아이엘사이언스,307180
1098,아이진,185490
1099,아이크래프트,052460
1100,알에스오토메이션,140670
1101,알톤스포츠,123750
1102,알파홀딩스,117670
1103,액션스퀘어,205500
1104,앤씨앤,092600
1105,에스디생명공학,217480
1106,에스씨엠생명과학,298060
1107,에스엔유,080000
1108,에스텍파마,041910
1109,에이스테크,088800
1110,에이치엠씨제5호스팩,353060
1111,에이티세미콘,089530
1112,에이팩트,200470
1113,에이프로젠 H&G,109960
1114,엔시스,333620
1115,엔에스,217820
1116,엔에이치스팩13호,310840
1117,엔피디,198080
1118,엘앤씨바이오,290650
1119,엘오티베큠,083310
1120,엠브레인,169330
1121,엠투아이,347890
1122,엠플러스,259630
1123,엠피대산,065150
1124,예스24,053280
1125,오가닉티코스메틱,900300
1126,오하임아이엔티,309930
1127,옵트론텍,082210
1128,옵티팜,153710
1129,와이솔,122990
1130,와이아이케이,232140
1131,와이어블,065530
1132,우리산업홀딩스,072470
1133,우양,103840
1134,우진비앤지,018620
1135,원바이오젠,307280
1136,원익,032940
1137,원익홀딩스,030530
1138,위메이드맥스,101730
1139,유성티엔에스,024800
1140,유에스티,263770
1141,유진스팩6호,373340
1142,이루온,065440
1143,이브이첨단소재,131400
1144,이엔에프테크놀로지,102710
1145,이엘피,063760
1146,이엠앤아이,083470
1147,이트론,096040
1148,자안바이오,221610
1149,제너셈,217190
1150,제노레이,122310
1151,제로투세븐,159580
1152,제룡전기,033100
1153,젬백스,082270
1154,칩스앤미디어,094360
1155,컴퍼니케이,307930
1156,케이사인,192250
1157,케이씨에스,115500
1158,케이아이엔엑스,093320
1159,켐온,217600
1160,코세스,089890
1161,코엔텍,029960
1162,코텍,052330
1163,콜마비앤에이치,200130
1164,쿠콘,294570
1165,큐캐피탈,016600
1166,크리스에프앤씨,110790
1167,타이거일렉,219130
1168,태광,023160
1169,티로보틱스,117730
1170,티엘아이,062860
1171,파라다이스,034230
1172,파인디앤씨,049120
1173,파인텍,131760
1174,파크시스템스,140860
1175,펩트론,087010
1176,포스코 ICT,022100
1177,폴라리스우노,114630
1178,폴라리스웍스,123010
1179,풍국주정,023900
1180,퓨쳐켐,220100
1181,프리시젼바이오,335810
1182,피씨디렉트,051380
1183,피에스케이홀딩스,031980
1184,피엔에이치테크,239890
1185,피엔케이피부임상연구센타,347740
1186,피플바이오,304840
1187,하나머티리얼즈,166090
1188,하이로닉,149980
1189,하이소닉,106080
1190,한국유니온제약,080720
1191,한국컴퓨터,054040
1192,한송네오텍,226440
1193,한일사료,005860
1194,헝셩그룹,900270
1195,화일약품,061250
1196,효성오앤비,097870
1197,휴온스,243070
1198,휴젤,145020
1199,도부마스크,227420
1200,디피코,163430
1201,메디쎄이,200580
1202,빅텐츠,210120
1203,썬테크,217320
1204,씨알푸드,236030
1205,아퓨어스,149300
1206,안지오랩,251280
1207,엔에스엠,238170
1208,엔에스컴퍼니,224760
1209,엘에이티,311060
1210,유비온,084440
1211,이앤에치,341310
1212,지오씨,135160
1213,AK홀딩스,006840
1214,CJ,001040
1215,CJ씨푸드,011150
1216,DB금융투자,016610
1217,DGB금융지주,139130
1218,DL,000210
1219,HDC,012630
1220,KISCO홀딩스,001940
1221,KTB투자증권,030210
1222,LG,003550
1223,LG디스플레이,034220
1224,LX인터내셔널,001120
1225,NH프라임리츠,338100
1226,S-Oil,010950
1227,SK네트웍스,001740
1228,SK케미칼,285130
1229,SK하이닉스,000660
1230,SNT모티브,064960
1231,계룡건설산업,013580
1232,고려아연,010130
1233,남양유업,003920
1234,남해화학,025860
1235,노루페인트,090350
1236,대상,001680
1237,대성에너지,117580
1238,대성홀딩스,016710
1239,대한제강,084010
1240,동원산업,006040
1241,두산퓨얼셀,336260
1242,만호제강,001080
1243,모나미,005360
1244,문배철강,008420
1245,미창석유공업,003650
1246,백광산업,001340
1247,벽산,007210
1248,부국철강,026940
1249,부산도시가스,015350
1250,비비안,002070
1251,비상교육,100220
1252,삼부토건,001470
1253,삼성공조,006660
1254,삼성생명,032830
1255,삼성전기,009150
1256,삼양패키징,272550
1257,삼일씨엔에스,004440
1258,삼화전기,009470
1259,삼화페인트공업,000390
1260,샘표,007540
1261,서흥,008490
1262,성안,011300
1263,세아베스틸,001430
1264,세하,027970
1265,신라교역,004970
1266,신세계건설,034300
1267,신영와코루,005800
1268,신영증권,001720
1269,신원,009270
1270,신풍제지,002870
1271,아시아나IDT,267850
1272,에쓰씨엔지니어링,023960
1273,에어부산,298690
1274,엘브이엠씨,900140
1275,오리온,271560
1276,우리금융지주,316140
1277,우성사료,006980
1278,웰바이오텍,010600
1279,유니온,000910
1280,일진전기,103590
1281,제일연마,001560
1282,조광피혁,004700
1283,조일알미늄,018470
1284,카카오,035720
1285,케이씨텍,281820
1286,케이씨티시,009070
1287,케이티,030200
1288,코리안리,003690
1289,코오롱머티리얼,144620
1290,쿠쿠홈시스,284740
1291,크라운제과,264900
1292,크라운해태홀딩스,005740
1293,크래프톤,259960
1294,키움증권,039490
1295,태광산업,003240
1296,태림포장,011280
1297,태원물산,001420
1298,티에이치엔,019180
1299,팬오션,028670
1300,퍼스텍,010820
1301,평화산업,090080
1302,하나투어,039130
1303,하이골드12호,172580
1304,한국쉘석유,002960
1305,한독,002390
1306,한세엠케이,069640
1307,한솔제지,213500
1308,한솔케미칼,014680
1309,한솔테크닉스,004710
1310,한전기술,052690
1311,한진,002320
1312,해성디에스,195870
1313,현대리바트,079430
1314,현대백화점,069960
1315,형지엘리트,093240
1316,혜인,003010
1317,화성산업,002460
1318,휴비스,079980
1319,CJ프레시웨이,051500
1320,CNH,023460
1321,DB금융스팩9호,367360
1322,DMS,068790
1323,GH신소재,130500
1324,GV,045890
1325,ISC,095340
1326,KBI메탈,024840
1327,KG모빌리언스,046440
1328,KMH하이텍,052900
1329,KT서브마린,060370
1330,LX세미콘,108320
1331,SBS콘텐츠허브,046140
1332,SG&G,040610
1333,SK5호스팩,337450
1334,SV인베스트먼트,289080
1335,TPC,048770
1336,TS인베스트먼트,246690
1337,YBM넷,057030
1338,iMBC,052220
1339,가온미디어,078890
1340,게임빌,063080
1341,경동제약,011040
1342,골든센츄리,900280
1343,광림,014200
1344,국보디자인,066620
1345,나무기술,242040
1346,나스미디어,089600
1347,나이스정보통신,036800
1348,남화산업,111710
1349,네오오토,212560
1350,네오크레마,311390
1351,넷게임즈,225570
1352,노랑풍선,104620
1353,노바텍,285490
1354,뉴보텍,060260
1355,뉴지랩파마,214870
1356,다날,064260
1357,대신밸런스제9호스팩,369370
1358,대원미디어,048910
1359,대한과학,131220
1360,대호특수강,021040
1361,대화제약,067080
1362,동아화성,041930
1363,동양파일,228340
1364,디앤씨미디어,263720
1365,디이엔티,079810
1366,디지탈옵틱,106520
1367,라닉스,317120
1368,라온피플,300120
1369,랩지노믹스,084650
1370,로스웰,900260
1371,리메드,302550
1372,린드먼아시아,277070
1373,마니커에프앤지,195500
1374,마이더스AI,222810
1375,메가엠디,133750
1376,메카로,241770
1377,모베이스,101330
1378,모아텍,033200
1379,바이오다인,314930
1380,바이오스마트,038460
1381,배럴,267790
1382,보광산업,225530
1383,본느,226340
1384,브릿지바이오,288330
1385,비엠티,086670
1386,삼보모터스,053700
1387,삼보산업,009620
1388,삼영엠텍,054540
1389,삼천당제약,000250
1390,상상인,038540
1391,샘코,263540
1392,서울바이오시스,092190
1393,서울옥션,063170
1394,서울제약,018680
1395,성도이엔지,037350
1396,세원,234100
1397,세원물산,024830
1398,셀루메드,049180
1399,셀리버리,268600
1400,소룩스,290690
1401,소프트캠프,258790
1402,수성이노베이션,084180
1403,스카이문스테크놀로지,033790
1404,스킨앤스킨,159910
1405,시너지이노베이션,048870
1406,신성델타테크,065350
1407,신화인터텍,056700
1408,싸이버원,356890
1409,싸이토젠,217330
1410,씨엔플러스,115530
1411,씨이랩,189330
1412,아이컴포넌트,059100
1413,아이톡시,052770
1414,아주IB투자,027360
1415,아즈텍WB,032080
1416,안랩,053800
1417,알서포트,131370
1418,에너토크,019990
1419,에스넷,038680
1420,에스에이엠티,031330
1421,에스피지,058610
1422,에이디엠코리아,187660
1423,에이비프로바이오,195990
1424,에이씨티,138360
1425,에이아이비트,039230
1426,에이치엔티,176440
1427,에이치엘비,028300
1428,에이프로,262260
1429,에이피티씨,089970
1430,에코마케팅,230360
1431,에코바이오,038870
1432,에코캡,128540
1433,에프앤가이드,064850
1434,에프엔에스테크,083500
1435,엑사이엔씨,054940
1436,엔바이오니아,317870
1437,엘엠에스,073110
1438,엠아이텍,179290
1439,엠에스오토텍,123040
1440,엠케이전자,033160
1441,오르비텍,046120
1442,오이솔루션,138080
1443,올리패스,244460
1444,와이엠씨,155650
1445,와이엠티,251370
1446,와이제이엠게임즈,193250
1447,와이팜,332570
1448,와토스코리아,079000
1449,우리넷,115440
1450,원익IPS,240810
1451,위세아이텍,065370
1452,유니슨,018000
1453,유니크,011320
1454,유아이디,069330
1455,유아이엘,049520
1456,유틸렉스,263050
1457,이미지스,115610
1458,이상네트웍스,080010
1459,이에스에이,052190
1460,이엠네트웍스,087730
1461,이엠코리아,095190
1462,이오플로우,294090
1463,이퓨쳐,134060
1464,이화공영,001840
1465,이화전기,024810
1466,인피니트헬스케어,071200
1467,일신바이오,068330
1468,잉글우드랩,950140
1469,자안코스메틱,219550
1470,장원테크,174880
1471,정원엔시스,045510
1472,제노코,361390
1473,제이씨케미칼,137950
1474,제이웨이,058420
1475,젬백스링크,064800
1476,조광ILI,044060
1477,줌인터넷,239340
1478,중앙백신,072020
1479,지놈앤컴퍼니,314130
1480,지트리비앤티,115450
1481,진시스템,363250
1482,카스,016920
1483,카카오게임즈,293490
1484,카페24,042000
1485,케이비17호스팩,317030
1486,케이에스피,073010
1487,코너스톤네트웍스,033110
1488,코다코,046070
1489,코디,080530
1490,큐로홀딩스,051780
1491,크리스탈신소재,900250
1492,크린앤사이언스,045520
1493,클래시스,214150
1494,클리오,237880
1495,토박스코리아,215480
1496,투비소프트,079970
1497,팅크웨어,084730
1498,파마리서치,214450
1499,팜스토리,027710
1500,펄어비스,263750
1501,포인트모바일,318020
1502,폴라리스오피스,041020
1503,푸드나무,290720
1504,푸른저축은행,007330
1505,프리엠스,053160
1506,피제이메탈,128660
1507,한국전자인증,041460
1508,한국큐빅,021650
1509,한글과컴퓨터,030520
1510,한독크린텍,256150
1511,한탑,002680
1512,한프,066110
1513,해성산업,034810
1514,현대에버다임,041440
1515,홈캐스트,064240
1516,휴메딕스,200670
1517,휴온스글로벌,084110
1518,휴온스블러썸,263920
1519,흥구석유,024060
1520,EMB,278990
1521,골프존데카,183410
1522,네추럴FNP,086220
1523,데이터스트림즈,199150
1524,루켄테크놀러지스,162120
1525,블루탑,191600
1526,비엔디생활건강,215050
1527,아이케이세미콘,149010
1528,애드바이오텍,179530
1529,에스엘에스바이오,246250
1530,엔지브이아이,093510
1531,유엑스엔,337840
1532,이비테크,208850
1533,청광건설,140290
1534,폭스소프트,354230
1535,프로테옴텍,303360
1536,피엔아이컴퍼니,242350
1537,BGF,027410
1538,CS홀딩스,000590
1539,DB,012030
1540,E1,017940
1541,F&F 홀딩스,007700
1542,KC그린홀딩스,009440
1543,LG유플러스,032640
1544,SGC에너지,005090
1545,SK바이오사이언스,302440
1546,SNT중공업,003570
1547,SNT홀딩스,036530
1548,STX엔진,077970
1549,경동도시가스,267290
1550,경방,000050
1551,고려제강,002240
1552,광동제약,009290
1553,광주신세계,037710
1554,교촌에프앤비,339770
1555,금비,008870
1556,금호석유화학,011780
1557,대림통상,006570
1558,대신증권,003540
1559,대원전선,006340
1560,대원화성,024890
1561,대유에이텍,002880
1562,더블유게임즈,192080
1563,동부건설,005960
1564,동성제약,002210
1565,동아에스티,170900
1566,동양고속,084670
1567,동양철관,008970
1568,동원수산,030720
1569,동일제강,002690
1570,롯데쇼핑,023530
1571,메리츠화재,000060
1572,미래에셋생명,085620
1573,미원에스씨,268280
1574,부광약품,003000
1575,삼성중공업,010140
1576,삼양홀딩스,000070
1577,삼익악기,002450
1578,삼천리,004690
1579,서울식품공업,004410
1580,성창기업지주,000180
1581,세원이앤씨,091090
1582,세종공업,033530
1583,솔루엠,248070
1584,시디즈,134790
1585,아세아시멘트,183190
1586,알루코,001780
1587,에스제이엠홀딩스,025530
1588,엔에스쇼핑,138250
1589,유성기업,002920
1590,유한양행,000100
1591,이리츠코크렙,088260
1592,이수페타시스,007660
1593,이아이디,093230
1594,인디에프,014990
1595,일진홀딩스,015860
1596,자이에스앤디,317400
1597,전방,000950
1598,제이알글로벌리츠,348950
1599,제이콘텐트리,036420
1600,제일기획,030000
1601,지투알,035000
1602,진양폴리우레탄,010640
1603,케이씨,029460
1604,케이씨씨,002380
1605,코람코에너지리츠,357120
1606,코스맥스,192820
1607,코스맥스비티아이,044820
1608,코웨이,021240
1609,콤텍시스템,031820
1610,태경비케이,014580
1611,티웨이항공,091810
1612,팜젠사이언스,004720
1613,포스코인터내셔널,047050
1614,하이골드3호,153360
1615,한국ANKOR유전,152550
1616,한국화장품,123690
1617,한라,014790
1618,한미반도체,042700
1619,한섬,020000
1620,한세실업,105630
1621,한솔홈데코,025750
1622,한전산업,130660
1623,한화손해보험,000370
1624,한화솔루션,009830
1625,핸즈코퍼레이션,143210
1626,현대모비스,012330
1627,현대자동차,005380
1628,화승엔터프라이즈,241590
1629,화인베스틸,133820
1630,화천기계,010660
1631,효성티앤씨,298020
1632,후성,093370
1633,휠라홀딩스,081660
1634,휴스틸,005010
1635,COWON,056000
1636,DB금융스팩8호,367340
1637,EMW,079190
1638,IBKS제13호스팩,351340
1639,JYP Ent.,035900
1640,RFHIC,218410
1641,경남제약,053950
1642,고려신용정보,049720
1643,고바이오랩,348150
1644,골드퍼시픽,038530
1645,광진실업,026910
1646,그린플러스,186230
1647,기산텔레콤,035460
1648,나노씨엠에스,247660
1649,나이스디앤비,130580
1650,네패스,033640
1651,네패스아크,330860
1652,녹원씨엔아이,065560
1653,누리플렉스,040160
1654,대동금속,020400
1655,대림제지,017650
1656,대신정보통신,020180
1657,데브시스터즈,194480
1658,동방선기,099410
1659,동우팜투테이블,088910
1660,동운아나텍,094170
1661,드림시큐리티,203650
1662,드림씨아이에스,223250
1663,드림어스컴퍼니,060570
1664,디아이티,110990
1665,디에이치피코리아,131030
1666,디케이락,105740
1667,디케이앤디,263020
1668,디케이티,290550
1669,라온시큐어,042510
1670,라온테크,232680
1671,라파스,214260
1672,리노스,039980
1673,마이크로컨텍솔,098120
1674,마크로젠,038290
1675,멀티캠퍼스,067280
1676,메지온,140410
1677,모비릭스,348030
1678,미디어젠,279600
1679,미래나노텍,095500
1680,미래에셋대우스팩 5호,353490
1681,미래테크놀로지,213090
1682,미투젠,950190
1683,바이오리더스,142760
1684,바텍,043150
1685,베스파,299910
1686,뷰웍스,100120
1687,블루콤,033560
1688,비덴트,121800
1689,비에이치,090460
1690,비올,335890
1691,비츠로셀,082920
1692,비츠로시스,054220
1693,비츠로테크,042370
1694,비피도,238200
1695,빅텍,065450
1696,삼성머스트스팩5호,380320
1697,상상인이안1호스팩,307870
1698,상아프론테크,089980
1699,서린바이오,038070
1700,서부T&D,006730
1701,석경에이티,357550
1702,선광,003100
1703,성호전자,043260
1704,세종메디칼,258830
1705,세진티에스,067770
1706,세화피앤씨,252500
1707,셀레믹스,331920
1708,셀리드,299660
1709,수젠텍,253840
1710,스맥,099440
1711,신라섬유,001000
1712,신라에스지,025870
1713,신영스팩5호,323280
1714,신화콘텍,187270
1715,쎄니트,037760
1716,씨씨에스,066790
1717,씨젠,096530
1718,아리온,058220
1719,아시아경제,127710
1720,아이디스홀딩스,054800
1721,아이쓰리시스템,214430
1722,안국약품,001540
1723,알테오젠,196170
1724,압타바이오,293780
1725,에브리봇,270660
1726,에스맥,097780
1727,에스에이티,060540
1728,에스엠코어,007820
1729,에스코넥,096630
1730,에스티오,098660
1731,에이치엘사이언스,239610
1732,에이치엠씨제4호스팩,353070
1733,에이테크솔루션,071670
1734,에코마이스터,064510
1735,에프엔씨엔터,173940
1736,엔에프씨,265740
1737,엘비세미콘,061970
1738,엠로,058970
1739,엠에스씨,009780
1740,엠젠플러스,032790
1741,연우,115960
1742,오디텍,080520
1743,오킨스전자,080580
1744,와이엔텍,067900
1745,와이오엠,066430
1746,와이지엔터테인먼트,122870
1747,우리이앤엘,153490
1748,우리조명,037400
1749,우주일렉트로,065680
1750,웨이브일렉트로,095270
1751,웹케시,053580
1752,위니아딤채,071460
1753,위더스제약,330350
1754,위드텍,348350
1755,위지윅스튜디오,299900
1756,윈스,136540
1757,윈텍,320000
1758,유라테크,048430
1759,율호,072770
1760,이그잭스,060230
1761,이노뎁,303530
1762,이니텍,053350
1763,이큐셀,160600
1764,인지디스플레,037330
1765,인콘,083640
1766,인크로스,216050
1767,일지테크,019540
1768,제넥신,095700
1769,제이에스티나,026040
1770,제이엠아이,033050
1771,제일전기공업,199820
1772,지엔원에너지,270520
1773,진로발효,018120
1774,체리부로,066360
1775,케이디켐,221980
1776,케이씨티,089150
1777,케이피에스,256940
1778,케이피엠테크,042040
1779,코리아에스이,101670
1780,코맥스,036690
1781,코아스템,166480
1782,코아시아옵틱스,196450
1783,큐렉소,060280
1784,큐로컴,040350
1785,큐리언트,115180
1786,태양,053620
1787,태웅,044490
1788,테크윙,089030
1789,티씨케이,064760
1790,티앤엘,340570
1791,티에스아이,277880
1792,티에스이,131290
1793,티움바이오,321550
1794,파루,043200
1795,파인테크닉스,106240
1796,팜스빌,318010
1797,팬스타엔터프라이즈,054300
1798,포메탈,119500
1799,플레이위드,023770
1800,피씨엘,241820
1801,피피아이,062970
1802,하나금융17호스팩,363260
1803,하나머스트7호스팩,372290
1804,한국비엔씨,256840
1805,한국파마,032300
1806,한창산업,079170
1807,한화에스비아이스팩,317320
1808,해성티피씨,059270
1809,핸디소프트,220180
1810,현대공업,170030
1811,화신정공,126640
1812,휴럼,353190
1813,휴마시스,205470
1814,휴비츠,065510
1815,흥국,010240
1816,굿센,243870
1817,데이드림엔터,348840
1818,듀켐바이오,176750
1819,라이프사이언스테크놀로지,285770
1820,렌딩머신,179720
1821,로보쓰리,238500
1822,미래엔에듀파트너,208890
1823,바이오인프라생명과학,266470
1824,셀젠텍,258250
1825,수프로,185190
1826,스템랩,258540
1827,에스앤디,260970
1828,에스에이티이엔지,158300
1829,에스엠비나,299670
1830,에이원알폼,234070
1831,유니포인트,121060
1832,이성씨엔아이,379390
1833,제노텍,066830
1834,탑선,180060
1835,파워풀엑스,266870
1836,CJ CGV,079160
1837,DB하이텍,000990
1838,DL이앤씨,375500
1839,HDC현대EP,089470
1840,HSD엔진,082740
1841,LF,093050
1842,LG생활건강,051900
1843,SG세계물산,004060
1844,SIMPAC,009160
1845,SKC,011790
1846,SK디앤디,210980
1847,SK아이이테크놀로지,361610
1848,SUN&L,002820
1849,TCC스틸,002710
1850,TYM,002900
1851,가온전선,000500
1852,경보제약,214390
1853,고려산업,002140
1854,광전자,017900
1855,남광토건,001260
1856,넥센,005720
1857,농심,004370
1858,다우기술,023590
1859,대교,019680
1860,대성산업,128820
1861,대유플러스,000300
1862,대한제분,001130
1863,대한항공,003490
1864,대한화섬,003830
1865,대호에이엘,069460
1866,동남합성,023450
1867,동방,004140
1868,동아타이어,282690
1869,동양피스톤,092780
1870,동원시스템즈,014820
1871,디와이파워,210540
1872,롯데리츠,330590
1873,롯데손해보험,000400
1874,메리츠금융지주,138040
1875,무림P&P,009580
1876,미원상사,002840
1877,방림,003610
1878,보령제약,003850
1879,사조오양,006090
1880,삼아알미늄,006110
1881,삼양식품,003230
1882,삼영전자공업,005680
1883,삼화전자공업,011230
1884,새론오토모티브,075180
1885,성문전자,014910
1886,신대양제지,016590
1887,신세계I&C,035510
1888,쌍방울,102280
1889,아남전자,008700
1890,아세아제지,002310
1891,애경유화,161000
1892,에스원,012750
1893,에이엔피,015260
1894,엔케이물산,009810
1895,영흥,012160
1896,오리온홀딩스,001800
1897,와이투솔루션,011690
1898,웅진,016880
1899,원림,005820
1900,유니퀘스트,077500
1901,이지스밸류플러스리츠,334890
1902,인바이오젠,101140
1903,일동제약,249420
1904,일신석재,007110
1905,일양약품,007570
1906,일진머티리얼즈,020150
1907,주연테크,044380
1908,지코,010580
1909,카카오뱅크,323410
1910,컨버즈,109070
1911,케이비아이동국실업,001620
1912,케이티스카이라이프,053210
1913,티웨이홀딩스,004870
1914,파미셀,005690
1915,평화홀딩스,010770
1916,풀무원,017810
1917,풍산홀딩스,005810
1918,프레스티지바이오파마,950210
1919,하이트진로홀딩스,000140
1920,한국단자공업,025540
1921,한국앤컴퍼니,000240
1922,한국조선해양,009540
1923,한국카본,017960
1924,한농화성,011500
1925,한미약품,128940
1926,한익스프레스,014130
1927,한전KPS,051600
1928,한화시스템,272210
1929,한화투자증권,003530
1930,현대글로비스,086280
1931,현대약품,004310
1932,현대오토에버,307950
1933,현대중공업지주,267250
1934,현대해상,001450
1935,현대홈쇼핑,057050
1936,효성중공업,298040
1937,CJ ENM,035760
1938,CMG제약,058820
1939,HB테크놀러지,078150
1940,KG이니시스,035600
1941,KNN,058400
1942,KPX생명과학,114450
1943,NE능률,053290
1944,NHN한국사이버결제,060250
1945,OQP,078590
1946,SBI인베스트먼트,019550
1947,SG,255220
1948,SK6호스팩,340350
1949,고려제약,014570
1950,구영테크,053270
1951,금강철강,053260
1952,기가레인,049080
1953,나노캠텍,091970
1954,나라엠앤디,051490
1955,나우IB,293580
1956,네오펙트,290660
1957,녹십자엠에스,142280
1958,뉴파워프라즈마,144960
1959,대동기어,008830
1960,대륙제관,004780
1961,대모,317850
1962,대보마그네틱,290670
1963,대성창투,027830
1964,대정화금,120240
1965,대창스틸,140520
1966,덕우전자,263600
1967,동성화인텍,033500
1968,동양에스텍,060380
1969,동양이엔피,079960
1970,동일철강,023790
1971,디스플레이텍,066670
1972,디에스케이,109740
1973,디와이피엔에프,104460
1974,디젠스,113810
1975,러셀,217500
1976,레이,228670
1977,맘스터치,220630
1978,매일유업,267980
1979,메가스터디,072870
1980,명성티엔에스,257370
1981,모다이노칩,080420
1982,모바일어플라이언스,087260
1983,미투온,201490
1984,바이오솔루션,086820
1985,바이오톡스텍,086040
1986,베뉴지,019010
1987,뷰노,338220
1988,비나텍,126340
1989,빅솔론,093190
1990,삼강엠앤티,100090
1991,삼목에스폼,018310
1992,상신전자,263810
1993,서진시스템,178320
1994,서플러스글로벌,140070
1995,서한,011370
1996,서희건설,035890
1997,선익시스템,171090
1998,성광벤드,014620
1999,소프트센,032680
2000,신진에스엠,138070
2001,심텍,222800
2002,심텍홀딩스,036710
2003,쎌바이오텍,049960
2004,씨유메디칼,115480
2005,아모그린텍,125210
2006,아미노로직스,074430
2007,아바텍,149950
2008,아이디스,143160
2009,아이앤씨,052860
2010,아이에스이커머스,069920
2011,아이원스,114810
2012,아진엑스텍,059120
2013,아톤,158430
2014,알엔투테크놀로지,148250
2015,압타머사이언스,291650
2016,애머릿지,900100
2017,액토즈소프트,052790
2018,에스디시스템,121890
2019,에스엠,041510
2020,에스제이케이,080440
2021,에스티아이,039440
2022,에스티큐브,052020
2023,에이치엘비제약,047920
2024,에이치케이,044780
2025,에이텍,045660
2026,에코프로,086520
2027,에코프로비엠,247540
2028,에프앤리퍼블릭,064090
2029,엑스큐어,070300
2030,엔비티,236810
2031,엔에스엔,031860
2032,엔에이치스팩17호,359090
2033,엘비루셈,376190
2034,엘앤에프,066970
2035,엘앤케이바이오,156100
2036,오로스테크놀로지,322310
2037,오리엔탈정공,014940
2038,오리콤,010470
2039,오비고,352910
2040,오스템,031510
2041,우리기술,032820
2042,우리기술투자,041190
2043,우리바이오,082850
2044,우정바이오,215380
2045,원티드랩,376980
2046,원풍물산,008290
2047,월덱스,101160
2048,웰크론한텍,076080
2049,웹스,196700
2050,윙입푸드,900340
2051,유니셈,036200
2052,유니트론텍,142210
2053,유일에너테크,340930
2054,유진기업,023410
2055,유진로봇,056080
2056,이노와이즈,086250
2057,이노인스트루먼트,215790
2058,이라이콤,041520
2059,이베스트투자증권,078020
2060,이엠텍,091120
2061,이원컴포텍,088290
2062,이크레더블,092130
2063,인터엠,017250
2064,인트로메딕,150840
2065,인트론바이오,048530
2066,인포마크,175140
2067,일승,333430
2068,일야,058450
2069,일진파워,094820
2070,제넨바이오,072520
2071,제노포커스,187420
2072,제닉,123330
2073,제룡산업,147830
2074,젠큐릭스,229000
2075,중앙에너비스,000440
2076,지나인제약,078650
2077,지더블유바이텍,036180
2078,지스마트글로벌,114570
2079,지엘팜텍,204840
2080,진매트릭스,109820
2081,창해에탄올,004650
2082,컬러레이,900310
2083,케어랩스,263700
2084,케이엔제이,272110
2085,케이엠,083550
2086,케이엠제약,225430
2087,케이프,064820
2088,켐트로닉스,089010
2089,켐트로스,220260
2090,코리아에프티,123410
2091,코센,009730
2092,코퍼스코리아,322780
2093,탑엔지니어링,065130
2094,티사이언티픽,057680
2095,티피씨글로벌,130740
2096,파트론,091700
2097,팬젠,222110
2098,포티스,141020
2099,플랜티넷,075130
2100,피앤씨테크,237750
2101,하림지주,003380
2102,하이제6호스팩,377400
2103,하이텍팜,106190
2104,한국9호스팩,368770
2105,한국가구,004590
2106,한국정밀기계,101680
2107,한국팩키지,037230
2108,한빛소프트,047080
2109,한양이엔지,045100
2110,한일진공,123840
2111,현대에이치티,039010
2112,현대이지웰,090850
2113,휘닉스소재,050090
2114,휴림로봇,090710
2115,KC산업,112190
2116,나우코스,257990
2117,노브메타파마,229500
2118,대동고려삼,178600
2119,더콘텐츠온,302920
2120,루트락,253610
2121,볼빅,206950
2122,비플라이소프트,148780
2123,뿌리깊은나무들,266170
2124,시그넷이브이,260870
2125,시큐센,232830
2126,씨엔티드림,286000
2127,에스엔피제네틱스,086460
2128,에이비온,203400
2129,엔솔바이오사이언스,140610
2130,엠앤씨생명과학,225860
2131,인바이츠바이오코아,216400
2132,인터코스,240340
2133,질경이,233990
2134,크로넥스,215570
2135,파마리서치바이오,217950
2136,판도라티비,202960
2137,피노텍,150440
2138,BYC,001460
2139,DB손해보험,005830
2140,F&F,383220
2141,GS,078930
2142,HMM,011200
2143,JB금융지주,175330
2144,JW생명과학,234080
2145,JW홀딩스,096760
2146,KH 필룩스,033180
2147,LS네트웍스,000680
2148,NH투자증권,005940
2149,SK디스커버리,006120
2150,강남제비스코,000860
2151,경동나비엔,009450
2152,계양전기,012200
2153,광명전기,017040
2154,그린케미칼,083420
2155,금호에이치티,214330
2156,깨끗한나라,004540
2157,넥스트사이언스,003580
2158,노루홀딩스,000320
2159,대동,000490
2160,대상홀딩스,084690
2161,대우부품,009320
2162,대우조선해양,042660
2163,대창단조,015230
2164,대현,016090
2165,동아쏘시오홀딩스,000640
2166,동아지질,028100
2167,동일고무벨트,163560
2168,동일산업,004890
2169,두올,016740
2170,드림텍,192650
2171,롯데지주,004990
2172,모나리자,012690
2173,무림페이퍼,009200
2174,미래산업,025560
2175,미래에셋증권,006800
2176,미원홀딩스,107590
2177,보해양조,000890
2178,비케이탑스,030790
2179,삼성물산,028260
2180,삼화콘덴서공업,001820
2181,상신브레이크,041650
2182,서울도시가스,017390
2183,선도전기,007610
2184,성신양회,004980
2185,신흥,004080
2186,씨에스윈드,112610
2187,아센디오,012170
2188,아시아나항공,020560
2189,에스케이바이오팜,326030
2190,에이리츠,140910
2191,에이프로젠제약,003060
2192,에이플러스에셋,244920
2193,엔에이치스팩19호,380440
2194,엘에스일렉트릭,010120
2195,영풍제지,006740
2196,예스코홀딩스,015360
2197,우리종금,010050
2198,우진아이엔에스,010400
2199,웅진씽크빅,095720
2200,유수홀딩스,000700
2201,유엔젤,072130
2202,유유제약,000220
2203,율촌화학,008730
2204,이지스레지던스리츠,350520
2205,이화산업,000760
2206,인팩,023810
2207,일신방직,003200
2208,일진디스플,020760
2209,잇츠한불,226320
2210,제주은행,006220
2211,제주항공,089590
2212,종근당,185750
2213,진양산업,003780
2214,진양홀딩스,100250
2215,진원생명과학,011000
2216,진흥기업,002780
2217,천일고속,000650
2218,체시스,033250
2219,카프로,006380
2220,케이티앤지,033780
2221,풍산,103140
2222,하나금융지주,086790
2223,하이브,352820
2224,한국가스공사,036460
2225,한국특강,007280
2226,한성기업,003680
2227,한세예스24홀딩스,016450
2228,한일시멘트,300720
2229,한일홀딩스,003300
2230,한진칼,180640
2231,한창,005110
2232,현대그린푸드,005440
2233,현대로템,064350
2234,현대미포조선,010620
2235,현대위아,011210
2236,현대코퍼레이션,011760
2237,현대코퍼레이션홀딩스,227840
2238,화신,010690
2239,휴켐스,069260
2240,흥국화재,000540
2241,흥아해운,003280
2242,AP시스템,265520
2243,AP위성,211270
2244,CNT85,056730
2245,GRT,900290
2246,ITX-AI,099520
2247,KH E&T,226360
2248,KH 일렉트론,111870
2249,S&K폴리텍,091340
2250,SFA반도체,036540
2251,SGA,049470
2252,SGC이테크건설,016250
2253,THE E&M,089230
2254,THE MIDONG,161570
2255,TJ미디어,032540
2256,YTN,040300
2257,골프존,215000
2258,골프존뉴딘홀딩스,121440
2259,교보10호기업인수목적,355150
2260,글로벌에스엠,900070
2261,금화피에스시,036190
2262,네오이뮨텍,950220
2263,네온테크,306620
2264,녹십자랩셀,144510
2265,녹십자웰빙,234690
2266,누리플랜,069140
2267,뉴트리,270870
2268,다나와,119860
2269,다믈멀티미디어,093640
2270,다우데이타,032190
2271,대동스틸,048470
2272,대신밸런스제8호스팩,336570
2273,더네이쳐홀딩스,298540
2274,데이타솔루션,263800
2275,덱스터,206560
2276,도이치모터스,067990
2277,동원개발,013120
2278,동일금속,109860
2279,동화기업,025900
2280,드래곤플라이,030350
2281,디지캡,197140
2282,라이프시맨틱스,347700
2283,레드로버,060300
2284,로보티즈,108490
2285,로체시스템즈,071280
2286,리노공업,058470
2287,마이크로디지탈,305090
2288,매커스,093520
2289,메디아나,041920
2290,미래생명자원,218150
2291,바른전자,064520
2292,백금T&A,046310
2293,버킷스튜디오,066410
2294,보성파워텍,006910
2295,브이원텍,251630
2296,브이티지엠피,018290
2297,블루베리 NFT,044480
2298,비비씨,318410
2299,비씨월드제약,200780
2300,비아트론,141000
2301,빛샘전자,072950
2302,삼기,122350
2303,삼영이엔씨,065570
2304,상상인이안제2호스팩,329560
2305,상상인인더스트리,101000
2306,서남,294630
2307,서울리거,043710
2308,서전기전,189860
2309,성우전자,081580
2310,세동,053060
2311,셀트리온헬스케어,091990
2312,소마젠,950200
2313,솔트룩스,304100
2314,쇼박스,086980
2315,슈프리마아이디,317770
2316,신라젠,215600
2317,신신제약,002800
2318,신일제약,012790
2319,싸이맥스,160980
2320,쏠리드,050890
2321,씨아이에스,222080
2322,씨앤씨인터내셔널,352480
2323,씨에스베어링,297090
2324,아난티,025980
2325,아바코,083930
2326,아스트,067390
2327,아이스크림에듀,289010
2328,아이텍,119830
2329,아이티엠반도체,084850
2330,알로이스,297570
2331,알리코제약,260660
2332,야스,255440
2333,양지사,030960
2334,얼라인드,238120
2335,에스씨디,042110
2336,에스아이리소스,065420
2337,에스에프에이,056190
2338,에스와이,109610
2339,에스텍,069510
2340,에스폴리텍,050760
2341,에스피시스템스,317830
2342,에이에프더블류,312610
2343,에이치시티,072990
2344,에이치엘비생명과학,067630
2345,에이치엘비파워,043220
2346,에이트원,230980
2347,에치에프알,230240
2348,에프에스티,036810
2349,엔젠바이오,354200
2350,엔피케이,048830
2351,엘티씨,170920
2352,엠투엔,033310
2353,영우디에스피,143540
2354,영풍정밀,036560
2355,예선테크,250930
2356,오로라,039830
2357,오상자이엘,053980
2358,오스코텍,039200
2359,오파스넷,173130
2360,올릭스,226950
2361,옴니시스템,057540
2362,우리산업,215360
2363,우원개발,046940
2364,원익피앤이,131390
2365,위즈코프,038620
2366,윈팩,097800
2367,유비케어,032620
2368,유앤아이,056090
2369,유진스팩5호,331380
2370,이노메트리,302430
2371,이노테라피,246960
2372,이루다,164060
2373,이씨에스,067010
2374,이엔드디,101360
2375,이오테크닉스,039030
2376,이지홀딩스,035810
2377,인바이오,352940
2378,인터로조,119610
2379,인터플렉스,051370
2380,인피니티엔티,016670
2381,인화정공,101930
2382,자연과환경,043910
2383,정산애강,022220
2384,제이브이엠,054950
2385,제이스텍,090470
2386,제이엔케이히터,126880
2387,제일테크노스,038010
2388,제테마,216080
2389,지노믹트리,228760
2390,지어소프트,051160
2391,지에스이,053050
2392,진양제약,007370
2393,차바이오텍,085660
2394,천랩,311690
2395,청담러닝,096240
2396,캔서롭,180400
2397,케이엘넷,039420
2398,코나아이,052400
2399,코렌텍,104540
2400,코리아나,027050
2401,코오롱티슈진,950160
2402,코윈테크,282880
2403,코콤,015710
2404,퀀타매트릭스,317690
2405,큐에스아이,066310
2406,클라우드에어,036170
2407,테스,095610
2408,텔레칩스,054450
2409,텔레필드,091440
2410,톱텍,108230
2411,티케이케미칼,104480
2412,티플랙스,081150
2413,파이오링크,170790
2414,포스코엠텍,009520
2415,포시에스,189690
2416,푸른기술,094940
2417,프럼파스트,035200
2418,프레스티지바이오로직스,334970
2419,플래티어,367000
2420,플리토,300080
2421,하림,136480
2422,하이록코리아,013030
2423,하이비젼시스템,126700
2424,하츠,066130
2425,한국기업평가,034950
2426,한국알콜,017890
2427,한국전자금융,063570
2428,한국정보공학,039740
2429,한네트,052600
2430,한라IMS,092460
2431,한스바이오메드,042520
2432,현대사료,016790
2433,홈센타홀딩스,060560
2434,힘스,238490
2435,나라소프트,288490
2436,래몽래인,200350
2437,메디젠휴먼케어,236340
2438,엄지하우스,224810
2439,에스케이씨에스,224020
2440,에이펙스인텍,207490
2441,오션스톤,329020
2442,원텍,216280
2443,원포유,122830
2444,위월드,140660
2445,지앤이헬스케어,299480
2446,케어룸의료산업,327970
2447,코셋,189350
2448,타임기술,318660
2449,툴젠,199800
2450,플럼라인생명과학,222670
2451,한국미라클피플사,331660
2452,휴벡셀,212310
